{
    "loss": 2.5319488048553467,
    "accuracy": 0.5517241358757019
}